[{"type":"light","repetition":0,"probability":100,"sequence":[{"leftEye":888,"rightEye":888,"smile":"255,0,0","transition":"fade","transitionDuration":500,"finalDuration":900000}]},{"type":"light","repetition":0,"probability":100,"sequence":[{"leftEye":"0,0,0","rightEye":"0,0,0","smile":"255,0,0","transition":"fade","transitionDuration":"50,150","finalDuration":"50,150"}]},{"type":"light","repetition":0,"probability":100,"sequence":[{"leftEye":888,"rightEye":888,"smile":"255,0,0","transition":"fade","transitionDuration":"50,150","finalDuration":6000}]},{"type":"light","repetition":1,"probability":25,"sequence":[{"leftEye":"0,0,0","rightEye":"0,0,0","smile":"255,0,0","transition":"fade","transitionDuration":"50,150","finalDuration":"50,150"},{"leftEye":888,"rightEye":888,"smile":"255,0,0","transition":"fade","transitionDuration":"50,150","finalDuration":"0,300"}]},{"type":"light","repetition":0,"probability":100,"sequence":[{"leftEye":888,"rightEye":888,"smile":"255,0,0","transition":"fade","transitionDuration":"50,150","finalDuration":900000}]},{"type":"light","repetition":59,"probability":10,"sequence":[{"leftEye":999,"rightEye":999,"smile":999,"transition":"fade","transitionDuration":100,"finalDuration":0}]}]