[{"type":"light","repetition":0,"probability":100,"sequence":[{"leftEye":888,"rightEye":888,"smile":"255,0,0","transition":"fade","transitionDuration":3000,"finalDuration":0}]},{"type":"light","repetition":0,"probability":40,"sequence":[{"leftEye":"0,0,0","rightEye":"0,0,0","smile":"255,0,0","transition":"fade","transitionDuration":"50,150","finalDuration":"50,150"},{"leftEye":888,"rightEye":888,"smile":"255,0,0","transition":"fade","transitionDuration":"50,150","finalDuration":"0,300"}]},{"type":"light","repetition":0,"probability":30,"sequence":[{"leftEye":"0,0,0","rightEye":"0,0,0","smile":"255,0,0","transition":"fade","transitionDuration":"50,150","finalDuration":"50,150"},{"leftEye":888,"rightEye":888,"smile":"255,0,0","transition":"fade","transitionDuration":"50,150","finalDuration":0}]},{"type":"light","repetition":0,"probability":100,"sequence":[{"leftEye":888,"rightEye":888,"smile":"255,0,0","transition":"fade","transitionDuration":0,"finalDuration":10000}]}]