[{"repetition": 0, "type": "light", "probability": 100, "sequence": [{"transition": "fade", "leftEye": "60,100,240", "finalDuration": "15000,30000", "smile": "255,0,0", "rightEye": "60,100,240", "transitionDuration": 500}]}, {"repetition": 0, "type": "light", "probability": 100, "sequence": [{"transition": "fade", "leftEye": "0,0,0", "finalDuration": "50,150", "smile": "255,0,0", "rightEye": "0,0,0", "transitionDuration": "50,150"}, {"transition": "fade", "leftEye": "60,100,240", "finalDuration": "15000,30000", "smile": "255,0,0", "rightEye": "60,100,240", "transitionDuration": "50,150"}]}, {"repetition": 0, "type": "light", "probability": 20, "sequence": [{"transition": "fade", "leftEye": "0,0,0", "finalDuration": "50,150", "smile": "255,0,0", "rightEye": "0,0,0", "transitionDuration": "50,150"}, {"transition": null, "leftEye": "60,100,240", "finalDuration": "0,500", "smile": "255,0,0", "rightEye": "60,100,240", "transitionDuration": "50,150"}, {"transition": "fade", "leftEye": "0,0,0", "finalDuration": "50,150", "smile": "255,0,0", "rightEye": "0,0,0", "transitionDuration": "50,150"}, {"transition": "fade", "leftEye": "60,100,240", "finalDuration": "15000,30000", "smile": "255,0,0", "rightEye": "60,100,240", "transitionDuration": "50,150"}]}, {"repetition": 0, "type": "light", "probability": 100, "sequence": [{"transition": "fade", "leftEye": "0,0,0", "finalDuration": "50,150", "smile": "255,0,0", "rightEye": "0,0,0", "transitionDuration": "50,150"}, {"transition": "fade", "leftEye": "60,100,240", "finalDuration": "15000,30000", "smile": "255,0,0", "rightEye": "60,100,240", "transitionDuration": "50,150"}]}, {"repetition": 49, "type": "light", "probability": 100, "sequence": [{"transition": "fade", "leftEye": 999, "finalDuration": 0, "smile": "255,0,0", "rightEye": 999, "transitionDuration": 200}]}]