[{"repetition": 0, "type": "light", "probability": 100, "sequence": [{"transition": "fade", "leftEye": "60,100,240", "finalDuration": "6500,16500", "smile": "255,0,0", "rightEye": "60,100,240", "transitionDuration": 500}]}, {"repetition": 0, "type": "light", "probability": 100, "sequence": [{"transition": "fade", "leftEye": "0,0,0", "finalDuration": "50,150", "smile": "255,0,0", "rightEye": "0,0,0", "transitionDuration": "50,150"}, {"transition": "fade", "leftEye": "60,100,240", "finalDuration": "7000,17000", "smile": "255,0,0", "rightEye": "60,100,240", "transitionDuration": "50,150"}]}, {"repetition": 0, "type": "light", "probability": 20, "sequence": [{"transition": "fade", "leftEye": "0,0,0", "finalDuration": "50,150", "smile": "255,0,0", "rightEye": "0,0,0", "transitionDuration": "50,150"}, {"transition": null, "leftEye": "60,100,240", "finalDuration": "50,150", "smile": "255,0,0", "rightEye": "60,100,240", "transitionDuration": "50,150"}, {"transition": "fade", "leftEye": "0,0,0", "finalDuration": "50,150", "smile": "255,0,0", "rightEye": "0,0,0", "transitionDuration": "50,150"}, {"transition": "fade", "leftEye": "60,100,240", "finalDuration": "7000,17000", "smile": "255,0,0", "rightEye": "60,100,240", "transitionDuration": "50,150"}]}, {"repetition": 0, "type": "light", "probability": 100, "sequence": [{"transition": "fade", "leftEye": "0,0,0", "finalDuration": "50,150", "smile": "255,0,0", "rightEye": "0,0,0", "transitionDuration": "50,150"}, {"transition": "fade", "leftEye": "60,100,240", "finalDuration": 0, "smile": "255,0,0", "rightEye": "60,100,240", "transitionDuration": "50,150"}]}]