[{"repetition": 4, "type": "light", "probability": 100, "sequence": [{"transition": "fade", "leftEye": "0,0,0", "finalDuration": "50,150", "smile": "255,0,0", "rightEye": "0,0,0", "transitionDuration": "50,150"}, {"transition": "fade", "leftEye": 888, "finalDuration": "0,500", "smile": "255,0,0", "rightEye": 888, "transitionDuration": "50,150"}]}, {"repetition": 0, "type": "light", "probability": 100, "sequence": [{"transition": "fade", "leftEye": "0,0,0", "finalDuration": 500, "smile": "255,0,0", "rightEye": "0,0,0", "transitionDuration": 2000}]}, {"repetition": 0, "type": "sound", "probability": 100, "sequence": [{"soundId": "asleep", "soundLevel": 50, "transition": "fade", "playDuration": null, "transitionDuration": null}]}, {"repetition": 0, "type": "light", "probability": 100, "sequence": [{"transition": "fade", "leftEye": "0,0,0", "finalDuration": 1000, "smile": "0,0,0", "rightEye": "0,0,0", "transitionDuration": 2000}]}]